Timestamp,Usia anda saat ini?,Jenis kelamin,Pendidikan terakhir anda,Pekerjaan anda saat ini,Nama Program pelatihan yang anda ikuti,Tanggal Pelatihan (Awal),Tanggal Pelatihan (Akhir),Dari mana anda memperoleh informasi tentang pelatihan? (Jawaban boleh lebih dari satu),1. Tulisan di dalam materi pelatihan jelas dan mudah di baca,2. Kualitas materi pelatihan dapat menambah tingkat keterampilan dan pengetahuan anda,3. Materi pelatihan mudah di pahami dan mudah diterapkan dalam praktek,4. Materi pelatihan telah sesuai dengan harapan anda,Komentar/saran mengenai Materi Pelatihan,"1. Pelayanan administrasi pelatihan diberikan dengan baik, cepat tanggap dan jelas",2. Pelaksanaan pelatihan dimonitor dengan baik,3. Keluhan peserta pelatihan direspon dengan cepat dan positif,4. Platform pelatihan yang mudah diakses,5. Pembelajaran online selama pelatihan dianggan berkualitas baik,Komentar/saran mengenai Materi Penyelenggaraan/Manajemen,Nama tenaga pelatih/instruktur,1. Menguasai materi pelatihan teori dan praktek,2. Menyajikan pelajaran dengan jelas dan bahasanya mudah dimengerti,3. Memberikan materi sesuai dengan tujuan pembelajaran secara sistematis/berurutan,4. Memberikan kesempatan pada peserta pelatihan untuk bertanya atau menyampaikan pendapat,5. Menciptakan suasana belajar yang kondusif (aman dan nyaman),6. Hadir tepat waktu sesuai jadwal,Komentar/saran tentang Tenaga Pelatih/Instruktur,Penilaian Kelebihan dari Personal Instrukur,Penilaian Kekurangan dari Personal Instrukur,Email Address
2025-04-28 09:00:00,38,Perempuan,Diploma,Bekerja,Basic Smart Farming System (Blended),2 May 2025,7 May 2025,"Website Resmi, Teman/Keluarga",5,5,2,5,"Materi sangat membantu, saya jadi paham topik ke-1",2,4,1,2,3,Pelaksanaan pelatihan berjalan cukup lancar dan tertib hari ke-1,Budi Santoso,1,2,2,4,5,4,"Instruktur menyampaikan materi dengan jelas, terutama saat sesi ke-1",Mampu menjawab semua pertanyaan peserta dengan sabar (responden ke-1),Terkadang terlalu cepat menjelaskan bagian praktikum (responden ke-1),responden1@example.com
2025-04-28 09:10:00,20,Perempuan,Sarjana,Bekerja,Pembuatan Yoghurt (Online),5 May 2025,7 May 2025,"Teman/Keluarga, Lainnya",2,5,1,5,"Materi sangat membantu, saya jadi paham topik ke-2",1,5,2,4,3,Pelaksanaan pelatihan berjalan cukup lancar dan tertib hari ke-2,Budi Santoso,1,4,3,1,3,1,"Instruktur menyampaikan materi dengan jelas, terutama saat sesi ke-2",Mampu menjawab semua pertanyaan peserta dengan sabar (responden ke-2),Terkadang terlalu cepat menjelaskan bagian praktikum (responden ke-2),responden2@example.com
2025-04-28 09:20:00,29,Laki-laki,Magister,Pencari kerja,Basic Smart Farming System (Blended),2 May 2025,7 May 2025,"Lembaga Pelatihan, Media Sosial, Website Resmi",1,4,3,4,"Materi sangat membantu, saya jadi paham topik ke-3",4,1,2,2,3,Pelaksanaan pelatihan berjalan cukup lancar dan tertib hari ke-3,Dewi Lestari,5,4,4,1,4,4,"Instruktur menyampaikan materi dengan jelas, terutama saat sesi ke-3",Mampu menjawab semua pertanyaan peserta dengan sabar (responden ke-3),Terkadang terlalu cepat menjelaskan bagian praktikum (responden ke-3),responden3@example.com
2025-04-28 09:30:00,36,Laki-laki,SMA/SMK,Pencari kerja,Pembudidayaan Konsentrat Ayam (Online),5 May 2025,7 May 2025,"Website Resmi, Teman/Keluarga, Media Sosial",1,5,5,4,"Materi sangat membantu, saya jadi paham topik ke-4",1,2,4,2,2,Pelaksanaan pelatihan berjalan cukup lancar dan tertib hari ke-4,Siti Aminah,1,1,2,2,1,4,"Instruktur menyampaikan materi dengan jelas, terutama saat sesi ke-4",Mampu menjawab semua pertanyaan peserta dengan sabar (responden ke-4),Terkadang terlalu cepat menjelaskan bagian praktikum (responden ke-4),responden4@example.com
2025-04-28 09:40:00,36,Laki-laki,SMA/SMK,Pencari kerja,Pembudidayaan Konsentrat Ayam (Online),5 May 2025,7 May 2025,"Lembaga Pelatihan, Website Resmi, Teman/Keluarga",3,1,1,5,"Materi sangat membantu, saya jadi paham topik ke-5",4,4,3,1,3,Pelaksanaan pelatihan berjalan cukup lancar dan tertib hari ke-5,Andi Pratama,3,2,4,3,2,5,"Instruktur menyampaikan materi dengan jelas, terutama saat sesi ke-5",Mampu menjawab semua pertanyaan peserta dengan sabar (responden ke-5),Terkadang terlalu cepat menjelaskan bagian praktikum (responden ke-5),responden5@example.com
2025-04-28 09:50:00,21,Perempuan,Sarjana,Bekerja,Basic Smart Farming System (Blended),2 May 2025,7 May 2025,"Media Sosial, Lembaga Pelatihan, Teman/Keluarga",3,3,4,1,"Materi sangat membantu, saya jadi paham topik ke-6",5,2,5,3,5,Pelaksanaan pelatihan berjalan cukup lancar dan tertib hari ke-6,Nurul Fadilah,4,5,2,4,2,3,"Instruktur menyampaikan materi dengan jelas, terutama saat sesi ke-6",Mampu menjawab semua pertanyaan peserta dengan sabar (responden ke-6),Terkadang terlalu cepat menjelaskan bagian praktikum (responden ke-6),responden6@example.com
2025-04-28 10:00:00,29,Laki-laki,Sarjana,Pelajar/Mahasiswa,Basic Coffee Roasting (Blended),29 April 2025,2 May 2025,Teman/Keluarga,4,2,3,1,"Materi sangat membantu, saya jadi paham topik ke-7",3,2,4,3,5,Pelaksanaan pelatihan berjalan cukup lancar dan tertib hari ke-7,Andi Pratama,2,5,4,3,5,4,"Instruktur menyampaikan materi dengan jelas, terutama saat sesi ke-7",Mampu menjawab semua pertanyaan peserta dengan sabar (responden ke-7),Terkadang terlalu cepat menjelaskan bagian praktikum (responden ke-7),responden7@example.com
2025-04-28 10:10:00,54,Perempuan,Diploma,Pelajar/Mahasiswa,Basic Barista (Blended),29 April 2025,2 May 2025,Lainnya,5,1,2,1,"Materi sangat membantu, saya jadi paham topik ke-8",2,3,1,3,2,Pelaksanaan pelatihan berjalan cukup lancar dan tertib hari ke-8,Nurul Fadilah,2,4,5,3,3,3,"Instruktur menyampaikan materi dengan jelas, terutama saat sesi ke-8",Mampu menjawab semua pertanyaan peserta dengan sabar (responden ke-8),Terkadang terlalu cepat menjelaskan bagian praktikum (responden ke-8),responden8@example.com
2025-04-28 10:20:00,32,Laki-laki,Sarjana,Bekerja,Instalasi Kelistrikan Mesin Tetas Telur Sederhana (Offline),5 May 2025,8 May 2025,Lembaga Pelatihan,2,1,3,2,"Materi sangat membantu, saya jadi paham topik ke-9",5,1,1,3,3,Pelaksanaan pelatihan berjalan cukup lancar dan tertib hari ke-9,Dewi Lestari,4,2,3,5,1,3,"Instruktur menyampaikan materi dengan jelas, terutama saat sesi ke-9",Mampu menjawab semua pertanyaan peserta dengan sabar (responden ke-9),Terkadang terlalu cepat menjelaskan bagian praktikum (responden ke-9),responden9@example.com
2025-04-28 10:30:00,43,Perempuan,Diploma,Pelajar/Mahasiswa,Instalasi Kelistrikan Mesin Tetas Telur Sederhana (Offline),5 May 2025,8 May 2025,"Website Resmi, Teman/Keluarga",3,5,5,2,"Materi sangat membantu, saya jadi paham topik ke-10",1,3,4,1,2,Pelaksanaan pelatihan berjalan cukup lancar dan tertib hari ke-10,Siti Aminah,3,5,5,4,3,1,"Instruktur menyampaikan materi dengan jelas, terutama saat sesi ke-10",Mampu menjawab semua pertanyaan peserta dengan sabar (responden ke-10),Terkadang terlalu cepat menjelaskan bagian praktikum (responden ke-10),responden10@example.com
2025-04-28 10:40:00,23,Laki-laki,Diploma,Bekerja,Instalasi Kelistrikan Mesin Tetas Telur Sederhana (Offline),5 May 2025,8 May 2025,"Website Resmi, Lainnya",3,3,4,4,"Materi sangat membantu, saya jadi paham topik ke-11",1,2,3,2,4,Pelaksanaan pelatihan berjalan cukup lancar dan tertib hari ke-11,Andi Pratama,1,1,4,4,3,3,"Instruktur menyampaikan materi dengan jelas, terutama saat sesi ke-11",Mampu menjawab semua pertanyaan peserta dengan sabar (responden ke-11),Terkadang terlalu cepat menjelaskan bagian praktikum (responden ke-11),responden11@example.com
2025-04-28 10:50:00,49,Laki-laki,Sarjana,Wirausaha,Basic Coffee Roasting (Blended),29 April 2025,2 May 2025,"Lembaga Pelatihan, Media Sosial, Website Resmi",3,3,5,5,"Materi sangat membantu, saya jadi paham topik ke-12",2,1,2,4,5,Pelaksanaan pelatihan berjalan cukup lancar dan tertib hari ke-12,Dewi Lestari,1,1,4,5,3,1,"Instruktur menyampaikan materi dengan jelas, terutama saat sesi ke-12",Mampu menjawab semua pertanyaan peserta dengan sabar (responden ke-12),Terkadang terlalu cepat menjelaskan bagian praktikum (responden ke-12),responden12@example.com
2025-04-28 11:00:00,22,Laki-laki,Magister,Pencari kerja,Instalasi Kelistrikan Mesin Tetas Telur Sederhana (Offline),5 May 2025,8 May 2025,"Teman/Keluarga, Media Sosial, Website Resmi",5,5,1,1,"Materi sangat membantu, saya jadi paham topik ke-13",5,5,2,5,2,Pelaksanaan pelatihan berjalan cukup lancar dan tertib hari ke-13,Siti Aminah,5,2,3,3,5,4,"Instruktur menyampaikan materi dengan jelas, terutama saat sesi ke-13",Mampu menjawab semua pertanyaan peserta dengan sabar (responden ke-13),Terkadang terlalu cepat menjelaskan bagian praktikum (responden ke-13),responden13@example.com
2025-04-28 11:10:00,21,Laki-laki,Magister,Pelajar/Mahasiswa,Instalasi Kelistrikan Mesin Tetas Telur Sederhana (Offline),5 May 2025,8 May 2025,Teman/Keluarga,3,4,3,4,"Materi sangat membantu, saya jadi paham topik ke-14",1,4,5,5,5,Pelaksanaan pelatihan berjalan cukup lancar dan tertib hari ke-14,Siti Aminah,2,1,4,3,4,1,"Instruktur menyampaikan materi dengan jelas, terutama saat sesi ke-14",Mampu menjawab semua pertanyaan peserta dengan sabar (responden ke-14),Terkadang terlalu cepat menjelaskan bagian praktikum (responden ke-14),responden14@example.com
2025-04-28 11:20:00,39,Perempuan,Diploma,Bekerja,Pembuatan Yoghurt (Online),5 May 2025,7 May 2025,"Lembaga Pelatihan, Website Resmi",2,5,4,3,"Materi sangat membantu, saya jadi paham topik ke-15",3,3,2,2,4,Pelaksanaan pelatihan berjalan cukup lancar dan tertib hari ke-15,Dewi Lestari,4,2,5,3,2,5,"Instruktur menyampaikan materi dengan jelas, terutama saat sesi ke-15",Mampu menjawab semua pertanyaan peserta dengan sabar (responden ke-15),Terkadang terlalu cepat menjelaskan bagian praktikum (responden ke-15),responden15@example.com
2025-04-28 11:30:00,53,Perempuan,SMA/SMK,Bekerja,Pembuatan Yoghurt (Online),5 May 2025,7 May 2025,"Media Sosial, Website Resmi, Lembaga Pelatihan",5,1,3,4,"Materi sangat membantu, saya jadi paham topik ke-16",1,2,5,3,4,Pelaksanaan pelatihan berjalan cukup lancar dan tertib hari ke-16,Siti Aminah,1,4,2,3,2,5,"Instruktur menyampaikan materi dengan jelas, terutama saat sesi ke-16",Mampu menjawab semua pertanyaan peserta dengan sabar (responden ke-16),Terkadang terlalu cepat menjelaskan bagian praktikum (responden ke-16),responden16@example.com
2025-04-28 11:40:00,58,Laki-laki,Sarjana,Pencari kerja,Basic Barista (Blended),29 April 2025,2 May 2025,"Lainnya, Lembaga Pelatihan, Website Resmi",5,2,1,1,"Materi sangat membantu, saya jadi paham topik ke-17",3,2,3,3,5,Pelaksanaan pelatihan berjalan cukup lancar dan tertib hari ke-17,Siti Aminah,2,4,5,3,3,3,"Instruktur menyampaikan materi dengan jelas, terutama saat sesi ke-17",Mampu menjawab semua pertanyaan peserta dengan sabar (responden ke-17),Terkadang terlalu cepat menjelaskan bagian praktikum (responden ke-17),responden17@example.com
2025-04-28 11:50:00,39,Laki-laki,Magister,Wirausaha,Basic Barista (Blended),29 April 2025,2 May 2025,"Lainnya, Lembaga Pelatihan, Website Resmi",1,3,4,5,"Materi sangat membantu, saya jadi paham topik ke-18",4,5,5,4,1,Pelaksanaan pelatihan berjalan cukup lancar dan tertib hari ke-18,Dewi Lestari,1,4,2,5,4,4,"Instruktur menyampaikan materi dengan jelas, terutama saat sesi ke-18",Mampu menjawab semua pertanyaan peserta dengan sabar (responden ke-18),Terkadang terlalu cepat menjelaskan bagian praktikum (responden ke-18),responden18@example.com
2025-04-28 12:00:00,21,Laki-laki,Diploma,Pelajar/Mahasiswa,Basic Barista (Blended),29 April 2025,2 May 2025,"Teman/Keluarga, Lembaga Pelatihan, Website Resmi",4,4,3,5,"Materi sangat membantu, saya jadi paham topik ke-19",3,1,3,5,2,Pelaksanaan pelatihan berjalan cukup lancar dan tertib hari ke-19,Nurul Fadilah,3,5,2,1,2,4,"Instruktur menyampaikan materi dengan jelas, terutama saat sesi ke-19",Mampu menjawab semua pertanyaan peserta dengan sabar (responden ke-19),Terkadang terlalu cepat menjelaskan bagian praktikum (responden ke-19),responden19@example.com
2025-04-28 12:10:00,31,Laki-laki,Magister,Wirausaha,Basic Smart Farming System (Blended),2 May 2025,7 May 2025,Media Sosial,5,1,3,4,"Materi sangat membantu, saya jadi paham topik ke-20",4,5,5,1,3,Pelaksanaan pelatihan berjalan cukup lancar dan tertib hari ke-20,Budi Santoso,3,3,5,4,5,5,"Instruktur menyampaikan materi dengan jelas, terutama saat sesi ke-20",Mampu menjawab semua pertanyaan peserta dengan sabar (responden ke-20),Terkadang terlalu cepat menjelaskan bagian praktikum (responden ke-20),responden20@example.com
2025-04-28 12:20:00,32,Perempuan,SMA/SMK,Bekerja,Basic Barista (Blended),29 April 2025,2 May 2025,"Media Sosial, Lainnya",2,1,4,2,"Materi sangat membantu, saya jadi paham topik ke-21",2,5,4,4,4,Pelaksanaan pelatihan berjalan cukup lancar dan tertib hari ke-21,Budi Santoso,5,1,4,4,2,2,"Instruktur menyampaikan materi dengan jelas, terutama saat sesi ke-21",Mampu menjawab semua pertanyaan peserta dengan sabar (responden ke-21),Terkadang terlalu cepat menjelaskan bagian praktikum (responden ke-21),responden21@example.com
2025-04-28 12:30:00,30,Laki-laki,Diploma,Bekerja,Basic Coffee Roasting (Blended),29 April 2025,2 May 2025,Website Resmi,5,2,1,1,"Materi sangat membantu, saya jadi paham topik ke-22",1,4,1,4,3,Pelaksanaan pelatihan berjalan cukup lancar dan tertib hari ke-22,Dewi Lestari,3,4,2,4,2,4,"Instruktur menyampaikan materi dengan jelas, terutama saat sesi ke-22",Mampu menjawab semua pertanyaan peserta dengan sabar (responden ke-22),Terkadang terlalu cepat menjelaskan bagian praktikum (responden ke-22),responden22@example.com
2025-04-28 12:40:00,47,Laki-laki,Magister,Bekerja,Basic Smart Farming System (Blended),2 May 2025,7 May 2025,Media Sosial,1,5,2,5,"Materi sangat membantu, saya jadi paham topik ke-23",5,3,4,5,2,Pelaksanaan pelatihan berjalan cukup lancar dan tertib hari ke-23,Siti Aminah,5,2,2,3,5,3,"Instruktur menyampaikan materi dengan jelas, terutama saat sesi ke-23",Mampu menjawab semua pertanyaan peserta dengan sabar (responden ke-23),Terkadang terlalu cepat menjelaskan bagian praktikum (responden ke-23),responden23@example.com
2025-04-28 12:50:00,36,Perempuan,SMA/SMK,Pencari kerja,Pembudidayaan Konsentrat Ayam (Online),5 May 2025,7 May 2025,"Lainnya, Teman/Keluarga",2,2,1,1,"Materi sangat membantu, saya jadi paham topik ke-24",4,3,2,1,1,Pelaksanaan pelatihan berjalan cukup lancar dan tertib hari ke-24,Nurul Fadilah,4,1,4,1,4,1,"Instruktur menyampaikan materi dengan jelas, terutama saat sesi ke-24",Mampu menjawab semua pertanyaan peserta dengan sabar (responden ke-24),Terkadang terlalu cepat menjelaskan bagian praktikum (responden ke-24),responden24@example.com
2025-04-28 13:00:00,28,Laki-laki,SMA/SMK,Pencari kerja,Pembuatan Yoghurt (Online),5 May 2025,7 May 2025,"Lainnya, Lembaga Pelatihan, Website Resmi",3,2,2,2,"Materi sangat membantu, saya jadi paham topik ke-25",1,4,4,5,4,Pelaksanaan pelatihan berjalan cukup lancar dan tertib hari ke-25,Dewi Lestari,5,4,5,1,4,4,"Instruktur menyampaikan materi dengan jelas, terutama saat sesi ke-25",Mampu menjawab semua pertanyaan peserta dengan sabar (responden ke-25),Terkadang terlalu cepat menjelaskan bagian praktikum (responden ke-25),responden25@example.com
2025-04-28 13:10:00,31,Perempuan,Diploma,Pencari kerja,Instalasi Kelistrikan Mesin Tetas Telur Sederhana (Offline),5 May 2025,8 May 2025,Media Sosial,2,4,3,2,"Materi sangat membantu, saya jadi paham topik ke-26",2,2,3,3,4,Pelaksanaan pelatihan berjalan cukup lancar dan tertib hari ke-26,Budi Santoso,5,1,5,3,5,1,"Instruktur menyampaikan materi dengan jelas, terutama saat sesi ke-26",Mampu menjawab semua pertanyaan peserta dengan sabar (responden ke-26),Terkadang terlalu cepat menjelaskan bagian praktikum (responden ke-26),responden26@example.com
2025-04-28 13:20:00,24,Perempuan,Diploma,Wirausaha,Pembudidayaan Konsentrat Ayam (Online),5 May 2025,7 May 2025,"Website Resmi, Media Sosial, Lembaga Pelatihan",3,3,1,4,"Materi sangat membantu, saya jadi paham topik ke-27",2,3,4,1,3,Pelaksanaan pelatihan berjalan cukup lancar dan tertib hari ke-27,Andi Pratama,3,5,2,5,4,5,"Instruktur menyampaikan materi dengan jelas, terutama saat sesi ke-27",Mampu menjawab semua pertanyaan peserta dengan sabar (responden ke-27),Terkadang terlalu cepat menjelaskan bagian praktikum (responden ke-27),responden27@example.com
2025-04-28 13:30:00,51,Laki-laki,Magister,Pelajar/Mahasiswa,Basic Coffee Roasting (Blended),29 April 2025,2 May 2025,"Media Sosial, Teman/Keluarga",4,2,3,1,"Materi sangat membantu, saya jadi paham topik ke-28",5,1,4,2,1,Pelaksanaan pelatihan berjalan cukup lancar dan tertib hari ke-28,Budi Santoso,3,4,3,1,3,5,"Instruktur menyampaikan materi dengan jelas, terutama saat sesi ke-28",Mampu menjawab semua pertanyaan peserta dengan sabar (responden ke-28),Terkadang terlalu cepat menjelaskan bagian praktikum (responden ke-28),responden28@example.com
2025-04-28 13:40:00,44,Perempuan,Magister,Bekerja,Basic Coffee Roasting (Blended),29 April 2025,2 May 2025,Website Resmi,1,1,1,4,"Materi sangat membantu, saya jadi paham topik ke-29",5,5,3,5,5,Pelaksanaan pelatihan berjalan cukup lancar dan tertib hari ke-29,Dewi Lestari,3,5,5,5,2,3,"Instruktur menyampaikan materi dengan jelas, terutama saat sesi ke-29",Mampu menjawab semua pertanyaan peserta dengan sabar (responden ke-29),Terkadang terlalu cepat menjelaskan bagian praktikum (responden ke-29),responden29@example.com
2025-04-28 13:50:00,56,Perempuan,Sarjana,Pelajar/Mahasiswa,Basic Barista (Blended),29 April 2025,2 May 2025,"Media Sosial, Lembaga Pelatihan, Lainnya",5,1,3,2,"Materi sangat membantu, saya jadi paham topik ke-30",2,5,1,3,4,Pelaksanaan pelatihan berjalan cukup lancar dan tertib hari ke-30,Andi Pratama,4,4,1,4,2,3,"Instruktur menyampaikan materi dengan jelas, terutama saat sesi ke-30",Mampu menjawab semua pertanyaan peserta dengan sabar (responden ke-30),Terkadang terlalu cepat menjelaskan bagian praktikum (responden ke-30),responden30@example.com
2025-04-28 14:00:00,30,Perempuan,Diploma,Wirausaha,Basic Smart Farming System (Blended),2 May 2025,7 May 2025,Media Sosial,5,4,1,1,"Materi sangat membantu, saya jadi paham topik ke-31",5,5,1,4,3,Pelaksanaan pelatihan berjalan cukup lancar dan tertib hari ke-31,Dewi Lestari,1,4,1,3,3,1,"Instruktur menyampaikan materi dengan jelas, terutama saat sesi ke-31",Mampu menjawab semua pertanyaan peserta dengan sabar (responden ke-31),Terkadang terlalu cepat menjelaskan bagian praktikum (responden ke-31),responden31@example.com
2025-04-28 14:10:00,58,Laki-laki,SMA/SMK,Bekerja,Basic Smart Farming System (Blended),2 May 2025,7 May 2025,Lainnya,5,1,1,1,"Materi sangat membantu, saya jadi paham topik ke-32",4,2,5,2,4,Pelaksanaan pelatihan berjalan cukup lancar dan tertib hari ke-32,Budi Santoso,4,4,3,4,2,2,"Instruktur menyampaikan materi dengan jelas, terutama saat sesi ke-32",Mampu menjawab semua pertanyaan peserta dengan sabar (responden ke-32),Terkadang terlalu cepat menjelaskan bagian praktikum (responden ke-32),responden32@example.com
2025-04-28 14:20:00,37,Perempuan,Magister,Pelajar/Mahasiswa,Basic Coffee Roasting (Blended),29 April 2025,2 May 2025,Media Sosial,3,2,1,2,"Materi sangat membantu, saya jadi paham topik ke-33",1,5,3,2,2,Pelaksanaan pelatihan berjalan cukup lancar dan tertib hari ke-33,Nurul Fadilah,5,4,4,1,5,3,"Instruktur menyampaikan materi dengan jelas, terutama saat sesi ke-33",Mampu menjawab semua pertanyaan peserta dengan sabar (responden ke-33),Terkadang terlalu cepat menjelaskan bagian praktikum (responden ke-33),responden33@example.com
2025-04-28 14:30:00,25,Laki-laki,Magister,Wirausaha,Basic Barista (Blended),29 April 2025,2 May 2025,"Lainnya, Website Resmi",1,1,5,1,"Materi sangat membantu, saya jadi paham topik ke-34",5,2,5,2,1,Pelaksanaan pelatihan berjalan cukup lancar dan tertib hari ke-34,Nurul Fadilah,5,2,4,2,1,1,"Instruktur menyampaikan materi dengan jelas, terutama saat sesi ke-34",Mampu menjawab semua pertanyaan peserta dengan sabar (responden ke-34),Terkadang terlalu cepat menjelaskan bagian praktikum (responden ke-34),responden34@example.com
2025-04-28 14:40:00,50,Laki-laki,Sarjana,Pelajar/Mahasiswa,Basic Barista (Blended),29 April 2025,2 May 2025,"Lembaga Pelatihan, Media Sosial",5,3,5,5,"Materi sangat membantu, saya jadi paham topik ke-35",3,4,4,5,2,Pelaksanaan pelatihan berjalan cukup lancar dan tertib hari ke-35,Andi Pratama,4,2,1,1,2,3,"Instruktur menyampaikan materi dengan jelas, terutama saat sesi ke-35",Mampu menjawab semua pertanyaan peserta dengan sabar (responden ke-35),Terkadang terlalu cepat menjelaskan bagian praktikum (responden ke-35),responden35@example.com
2025-04-28 14:50:00,51,Perempuan,Sarjana,Wirausaha,Pembudidayaan Konsentrat Ayam (Online),5 May 2025,7 May 2025,"Website Resmi, Lembaga Pelatihan, Lainnya",4,5,5,5,"Materi sangat membantu, saya jadi paham topik ke-36",5,2,2,5,1,Pelaksanaan pelatihan berjalan cukup lancar dan tertib hari ke-36,Nurul Fadilah,2,3,5,2,1,5,"Instruktur menyampaikan materi dengan jelas, terutama saat sesi ke-36",Mampu menjawab semua pertanyaan peserta dengan sabar (responden ke-36),Terkadang terlalu cepat menjelaskan bagian praktikum (responden ke-36),responden36@example.com
2025-04-28 15:00:00,39,Laki-laki,Sarjana,Pencari kerja,Basic Barista (Blended),29 April 2025,2 May 2025,Lembaga Pelatihan,1,2,4,3,"Materi sangat membantu, saya jadi paham topik ke-37",5,2,2,2,1,Pelaksanaan pelatihan berjalan cukup lancar dan tertib hari ke-37,Nurul Fadilah,1,4,1,5,3,4,"Instruktur menyampaikan materi dengan jelas, terutama saat sesi ke-37",Mampu menjawab semua pertanyaan peserta dengan sabar (responden ke-37),Terkadang terlalu cepat menjelaskan bagian praktikum (responden ke-37),responden37@example.com
2025-04-28 15:10:00,41,Perempuan,Sarjana,Pencari kerja,Pembudidayaan Konsentrat Ayam (Online),5 May 2025,7 May 2025,Website Resmi,5,4,5,2,"Materi sangat membantu, saya jadi paham topik ke-38",3,5,5,1,2,Pelaksanaan pelatihan berjalan cukup lancar dan tertib hari ke-38,Nurul Fadilah,3,2,2,3,2,4,"Instruktur menyampaikan materi dengan jelas, terutama saat sesi ke-38",Mampu menjawab semua pertanyaan peserta dengan sabar (responden ke-38),Terkadang terlalu cepat menjelaskan bagian praktikum (responden ke-38),responden38@example.com
2025-04-28 15:20:00,50,Laki-laki,Magister,Pelajar/Mahasiswa,Instalasi Kelistrikan Mesin Tetas Telur Sederhana (Offline),5 May 2025,8 May 2025,"Lembaga Pelatihan, Lainnya, Teman/Keluarga",4,2,4,1,"Materi sangat membantu, saya jadi paham topik ke-39",2,1,1,2,5,Pelaksanaan pelatihan berjalan cukup lancar dan tertib hari ke-39,Nurul Fadilah,1,1,2,3,5,2,"Instruktur menyampaikan materi dengan jelas, terutama saat sesi ke-39",Mampu menjawab semua pertanyaan peserta dengan sabar (responden ke-39),Terkadang terlalu cepat menjelaskan bagian praktikum (responden ke-39),responden39@example.com
2025-04-28 15:30:00,55,Perempuan,Diploma,Pelajar/Mahasiswa,Instalasi Kelistrikan Mesin Tetas Telur Sederhana (Offline),5 May 2025,8 May 2025,"Teman/Keluarga, Media Sosial",2,1,4,5,"Materi sangat membantu, saya jadi paham topik ke-40",4,3,2,4,4,Pelaksanaan pelatihan berjalan cukup lancar dan tertib hari ke-40,Siti Aminah,3,3,4,5,5,5,"Instruktur menyampaikan materi dengan jelas, terutama saat sesi ke-40",Mampu menjawab semua pertanyaan peserta dengan sabar (responden ke-40),Terkadang terlalu cepat menjelaskan bagian praktikum (responden ke-40),responden40@example.com
2025-04-28 15:40:00,39,Laki-laki,SMA/SMK,Pencari kerja,Pembudidayaan Konsentrat Ayam (Online),5 May 2025,7 May 2025,Media Sosial,2,1,1,2,"Materi sangat membantu, saya jadi paham topik ke-41",2,4,4,4,4,Pelaksanaan pelatihan berjalan cukup lancar dan tertib hari ke-41,Dewi Lestari,2,2,4,3,3,3,"Instruktur menyampaikan materi dengan jelas, terutama saat sesi ke-41",Mampu menjawab semua pertanyaan peserta dengan sabar (responden ke-41),Terkadang terlalu cepat menjelaskan bagian praktikum (responden ke-41),responden41@example.com
2025-04-28 15:50:00,47,Perempuan,Diploma,Wirausaha,Pembudidayaan Konsentrat Ayam (Online),5 May 2025,7 May 2025,"Teman/Keluarga, Media Sosial, Lembaga Pelatihan",3,3,4,3,"Materi sangat membantu, saya jadi paham topik ke-42",1,3,5,2,4,Pelaksanaan pelatihan berjalan cukup lancar dan tertib hari ke-42,Andi Pratama,3,2,2,1,2,3,"Instruktur menyampaikan materi dengan jelas, terutama saat sesi ke-42",Mampu menjawab semua pertanyaan peserta dengan sabar (responden ke-42),Terkadang terlalu cepat menjelaskan bagian praktikum (responden ke-42),responden42@example.com
2025-04-28 16:00:00,43,Laki-laki,Magister,Pelajar/Mahasiswa,Basic Coffee Roasting (Blended),29 April 2025,2 May 2025,Lembaga Pelatihan,2,2,2,1,"Materi sangat membantu, saya jadi paham topik ke-43",2,3,1,3,5,Pelaksanaan pelatihan berjalan cukup lancar dan tertib hari ke-43,Siti Aminah,4,2,1,2,5,1,"Instruktur menyampaikan materi dengan jelas, terutama saat sesi ke-43",Mampu menjawab semua pertanyaan peserta dengan sabar (responden ke-43),Terkadang terlalu cepat menjelaskan bagian praktikum (responden ke-43),responden43@example.com
2025-04-28 16:10:00,56,Perempuan,Sarjana,Pelajar/Mahasiswa,Basic Barista (Blended),29 April 2025,2 May 2025,"Lainnya, Teman/Keluarga, Website Resmi",1,3,1,5,"Materi sangat membantu, saya jadi paham topik ke-44",3,1,4,2,4,Pelaksanaan pelatihan berjalan cukup lancar dan tertib hari ke-44,Siti Aminah,3,4,1,2,4,5,"Instruktur menyampaikan materi dengan jelas, terutama saat sesi ke-44",Mampu menjawab semua pertanyaan peserta dengan sabar (responden ke-44),Terkadang terlalu cepat menjelaskan bagian praktikum (responden ke-44),responden44@example.com
2025-04-28 16:20:00,47,Perempuan,Sarjana,Wirausaha,Basic Barista (Blended),29 April 2025,2 May 2025,Lembaga Pelatihan,2,1,5,5,"Materi sangat membantu, saya jadi paham topik ke-45",4,3,4,2,4,Pelaksanaan pelatihan berjalan cukup lancar dan tertib hari ke-45,Siti Aminah,1,4,3,4,2,1,"Instruktur menyampaikan materi dengan jelas, terutama saat sesi ke-45",Mampu menjawab semua pertanyaan peserta dengan sabar (responden ke-45),Terkadang terlalu cepat menjelaskan bagian praktikum (responden ke-45),responden45@example.com
2025-04-28 16:30:00,37,Laki-laki,Sarjana,Wirausaha,Basic Coffee Roasting (Blended),29 April 2025,2 May 2025,"Lainnya, Website Resmi",4,1,3,2,"Materi sangat membantu, saya jadi paham topik ke-46",4,3,5,5,4,Pelaksanaan pelatihan berjalan cukup lancar dan tertib hari ke-46,Dewi Lestari,5,1,1,2,1,5,"Instruktur menyampaikan materi dengan jelas, terutama saat sesi ke-46",Mampu menjawab semua pertanyaan peserta dengan sabar (responden ke-46),Terkadang terlalu cepat menjelaskan bagian praktikum (responden ke-46),responden46@example.com
2025-04-28 16:40:00,58,Laki-laki,Diploma,Pencari kerja,Basic Smart Farming System (Blended),2 May 2025,7 May 2025,"Teman/Keluarga, Lainnya",3,3,3,4,"Materi sangat membantu, saya jadi paham topik ke-47",5,3,1,5,4,Pelaksanaan pelatihan berjalan cukup lancar dan tertib hari ke-47,Siti Aminah,4,5,5,5,5,3,"Instruktur menyampaikan materi dengan jelas, terutama saat sesi ke-47",Mampu menjawab semua pertanyaan peserta dengan sabar (responden ke-47),Terkadang terlalu cepat menjelaskan bagian praktikum (responden ke-47),responden47@example.com
2025-04-28 16:50:00,35,Perempuan,Sarjana,Pencari kerja,Basic Smart Farming System (Blended),2 May 2025,7 May 2025,Lembaga Pelatihan,2,3,3,1,"Materi sangat membantu, saya jadi paham topik ke-48",2,3,5,2,3,Pelaksanaan pelatihan berjalan cukup lancar dan tertib hari ke-48,Siti Aminah,2,1,5,4,4,1,"Instruktur menyampaikan materi dengan jelas, terutama saat sesi ke-48",Mampu menjawab semua pertanyaan peserta dengan sabar (responden ke-48),Terkadang terlalu cepat menjelaskan bagian praktikum (responden ke-48),responden48@example.com
2025-04-28 17:00:00,54,Perempuan,Magister,Bekerja,Pembudidayaan Konsentrat Ayam (Online),5 May 2025,7 May 2025,Lembaga Pelatihan,2,3,2,3,"Materi sangat membantu, saya jadi paham topik ke-49",5,5,5,4,3,Pelaksanaan pelatihan berjalan cukup lancar dan tertib hari ke-49,Dewi Lestari,1,2,5,1,3,3,"Instruktur menyampaikan materi dengan jelas, terutama saat sesi ke-49",Mampu menjawab semua pertanyaan peserta dengan sabar (responden ke-49),Terkadang terlalu cepat menjelaskan bagian praktikum (responden ke-49),responden49@example.com
2025-04-28 17:10:00,17,Perempuan,Magister,Bekerja,Pembuatan Yoghurt (Online),5 May 2025,7 May 2025,"Website Resmi, Teman/Keluarga, Lainnya",4,2,2,1,"Materi sangat membantu, saya jadi paham topik ke-50",2,1,1,2,1,Pelaksanaan pelatihan berjalan cukup lancar dan tertib hari ke-50,Siti Aminah,1,5,5,1,5,3,"Instruktur menyampaikan materi dengan jelas, terutama saat sesi ke-50",Mampu menjawab semua pertanyaan peserta dengan sabar (responden ke-50),Terkadang terlalu cepat menjelaskan bagian praktikum (responden ke-50),responden50@example.com
2025-04-28 17:20:00,21,Laki-laki,Diploma,Pencari kerja,Basic Barista (Blended),29 April 2025,2 May 2025,"Lainnya, Media Sosial",3,5,1,5,"Materi sangat membantu, saya jadi paham topik ke-51",4,1,5,5,5,Pelaksanaan pelatihan berjalan cukup lancar dan tertib hari ke-51,Nurul Fadilah,5,2,2,4,3,5,"Instruktur menyampaikan materi dengan jelas, terutama saat sesi ke-51",Mampu menjawab semua pertanyaan peserta dengan sabar (responden ke-51),Terkadang terlalu cepat menjelaskan bagian praktikum (responden ke-51),responden51@example.com
2025-04-28 17:30:00,21,Perempuan,Diploma,Wirausaha,Basic Barista (Blended),29 April 2025,2 May 2025,"Media Sosial, Lembaga Pelatihan",2,3,2,3,"Materi sangat membantu, saya jadi paham topik ke-52",4,4,5,3,5,Pelaksanaan pelatihan berjalan cukup lancar dan tertib hari ke-52,Siti Aminah,5,4,4,3,2,5,"Instruktur menyampaikan materi dengan jelas, terutama saat sesi ke-52",Mampu menjawab semua pertanyaan peserta dengan sabar (responden ke-52),Terkadang terlalu cepat menjelaskan bagian praktikum (responden ke-52),responden52@example.com
2025-04-28 17:40:00,20,Laki-laki,Sarjana,Bekerja,Basic Coffee Roasting (Blended),29 April 2025,2 May 2025,Teman/Keluarga,1,5,1,1,"Materi sangat membantu, saya jadi paham topik ke-53",5,4,5,4,1,Pelaksanaan pelatihan berjalan cukup lancar dan tertib hari ke-53,Dewi Lestari,5,2,5,4,5,1,"Instruktur menyampaikan materi dengan jelas, terutama saat sesi ke-53",Mampu menjawab semua pertanyaan peserta dengan sabar (responden ke-53),Terkadang terlalu cepat menjelaskan bagian praktikum (responden ke-53),responden53@example.com
2025-04-28 17:50:00,45,Laki-laki,SMA/SMK,Wirausaha,Pembuatan Yoghurt (Online),5 May 2025,7 May 2025,"Teman/Keluarga, Lembaga Pelatihan",4,5,5,4,"Materi sangat membantu, saya jadi paham topik ke-54",1,1,2,5,3,Pelaksanaan pelatihan berjalan cukup lancar dan tertib hari ke-54,Nurul Fadilah,1,5,4,5,4,5,"Instruktur menyampaikan materi dengan jelas, terutama saat sesi ke-54",Mampu menjawab semua pertanyaan peserta dengan sabar (responden ke-54),Terkadang terlalu cepat menjelaskan bagian praktikum (responden ke-54),responden54@example.com
2025-04-28 18:00:00,53,Laki-laki,SMA/SMK,Wirausaha,Basic Barista (Blended),29 April 2025,2 May 2025,"Lainnya, Teman/Keluarga, Lembaga Pelatihan",2,3,1,3,"Materi sangat membantu, saya jadi paham topik ke-55",1,3,3,3,5,Pelaksanaan pelatihan berjalan cukup lancar dan tertib hari ke-55,Nurul Fadilah,2,5,1,2,3,1,"Instruktur menyampaikan materi dengan jelas, terutama saat sesi ke-55",Mampu menjawab semua pertanyaan peserta dengan sabar (responden ke-55),Terkadang terlalu cepat menjelaskan bagian praktikum (responden ke-55),responden55@example.com
2025-04-28 18:10:00,47,Laki-laki,Sarjana,Bekerja,Basic Smart Farming System (Blended),2 May 2025,7 May 2025,"Lembaga Pelatihan, Media Sosial, Teman/Keluarga",5,5,2,5,"Materi sangat membantu, saya jadi paham topik ke-56",2,2,3,5,5,Pelaksanaan pelatihan berjalan cukup lancar dan tertib hari ke-56,Andi Pratama,2,1,4,1,2,2,"Instruktur menyampaikan materi dengan jelas, terutama saat sesi ke-56",Mampu menjawab semua pertanyaan peserta dengan sabar (responden ke-56),Terkadang terlalu cepat menjelaskan bagian praktikum (responden ke-56),responden56@example.com
2025-04-28 18:20:00,19,Laki-laki,SMA/SMK,Bekerja,Instalasi Kelistrikan Mesin Tetas Telur Sederhana (Offline),5 May 2025,8 May 2025,"Lembaga Pelatihan, Website Resmi, Media Sosial",5,2,4,4,"Materi sangat membantu, saya jadi paham topik ke-57",2,3,2,4,2,Pelaksanaan pelatihan berjalan cukup lancar dan tertib hari ke-57,Budi Santoso,4,5,1,4,5,5,"Instruktur menyampaikan materi dengan jelas, terutama saat sesi ke-57",Mampu menjawab semua pertanyaan peserta dengan sabar (responden ke-57),Terkadang terlalu cepat menjelaskan bagian praktikum (responden ke-57),responden57@example.com
2025-04-28 18:30:00,44,Perempuan,Diploma,Wirausaha,Pembuatan Yoghurt (Online),5 May 2025,7 May 2025,"Lembaga Pelatihan, Media Sosial",5,3,4,3,"Materi sangat membantu, saya jadi paham topik ke-58",1,4,5,2,4,Pelaksanaan pelatihan berjalan cukup lancar dan tertib hari ke-58,Dewi Lestari,4,4,1,5,4,3,"Instruktur menyampaikan materi dengan jelas, terutama saat sesi ke-58",Mampu menjawab semua pertanyaan peserta dengan sabar (responden ke-58),Terkadang terlalu cepat menjelaskan bagian praktikum (responden ke-58),responden58@example.com
2025-04-28 18:40:00,46,Laki-laki,Diploma,Pencari kerja,Pembuatan Yoghurt (Online),5 May 2025,7 May 2025,"Lainnya, Media Sosial",5,5,2,1,"Materi sangat membantu, saya jadi paham topik ke-59",3,4,3,3,3,Pelaksanaan pelatihan berjalan cukup lancar dan tertib hari ke-59,Budi Santoso,4,1,3,2,3,1,"Instruktur menyampaikan materi dengan jelas, terutama saat sesi ke-59",Mampu menjawab semua pertanyaan peserta dengan sabar (responden ke-59),Terkadang terlalu cepat menjelaskan bagian praktikum (responden ke-59),responden59@example.com
2025-04-28 18:50:00,24,Laki-laki,Magister,Pencari kerja,Instalasi Kelistrikan Mesin Tetas Telur Sederhana (Offline),5 May 2025,8 May 2025,Media Sosial,5,1,3,5,"Materi sangat membantu, saya jadi paham topik ke-60",5,1,2,4,2,Pelaksanaan pelatihan berjalan cukup lancar dan tertib hari ke-60,Budi Santoso,4,2,2,3,3,2,"Instruktur menyampaikan materi dengan jelas, terutama saat sesi ke-60",Mampu menjawab semua pertanyaan peserta dengan sabar (responden ke-60),Terkadang terlalu cepat menjelaskan bagian praktikum (responden ke-60),responden60@example.com
